metric,FY2024,FY2025
Cash,72278,55108
Grants receivable,184006,21850
Accounts receivable,117077,40809
Prepaid expenses,3913,7679
Pledge receivable,25793,20061
Current assets,403067,145507
Non-current assets,34560,127962
Total assets,437627,273469
Accounts payable,6439,8139
Accrued payroll,14085,15221
Accrued audit fees,8450,8500
Current copier lease,1834,1880
Current building lease,0,30525
Current liabilities,30808,64265
Long-term copier lease,2838,958
Long-term building lease,0,68245
Total liabilities,33646,133468
Net assets without donor restrictions,378188,119940
Net assets with donor restrictions,25793,20061
Total net assets,403981,140001
